id,x1,x2,x3,x4,x5
ENP54R,0.3701,0.3714,0.292,0.3783,0.6512
Y13PWY,0.1222,0.5561,0.7738,0.3316,0.9928
39C989,0.2,0.251,0.5383,0.7038,0.4538
RQB7NH,0.1021,0.5556,0.0,0.4723,0.4921
TWIJ4L,0.6842,0.5091,0.4531,0.1328,0.1573
KK6WGN,0.6403,0.4164,0.9882,0.1085,0.7671
6IW91L,0.7215,0.3658,0.9098,0.9697,0.8435
BO0GIS,0.1733,0.5708,0.1106,0.2252,0.42
K93FUL,0.2262,0.1175,0.7606,0.8368,0.4472
0EABA5,0.5505,0.9192,0.0585,0.1669,0.0013
TQOYLB,0.591,0.3677,0.7656,0.2893,0.4444
IF78K0,0.6068,0.9338,0.1476,0.3874,0.1275
VQCXVJ,0.4536,0.6325,0.1142,0.7924,0.6652
XT8PZG,0.5474,0.7137,0.8403,0.7823,0.3595
CQP5VK,0.629,0.8307,0.5003,0.3982,0.9125
ZTPM3D,0.1592,0.4119,0.7894,0.6412,0.7412
HZZQ1D,0.2122,0.0265,0.1828,0.2506,0.006
NZKXB5,0.4506,0.3742,0.9257,0.4534,0.3058
FY1UZD,0.8094,0.3987,0.6007,0.5462,0.2993
U8C3FO,0.6782,0.6565,0.0612,0.6832,0.1318
66JLUA,0.4931,0.4767,0.264,0.3096,0.908
9LWFIY,0.4387,0.157,0.9579,0.9135,0.8996
EELLFY,0.1507,0.6213,0.6555,0.8414,0.0553
B5AQ21,0.6053,0.1179,0.0958,0.5053,0.8835
XW9XFR,0.7007,0.4719,0.7069,0.1844,0.518
2I30TC,0.4002,0.6084,0.1369,0.1695,0.4585
HM6E2Z,0.1585,0.9141,0.5782,0.8432,0.3766
WU3TZS,0.5941,0.711,0.7859,0.0869,0.1626
D71Z88,0.6223,0.84,0.8922,0.8952,0.1024
SLJCUF,0.9522,0.1058,0.5744,0.4172,0.5734
SG82G7,0.7244,0.1755,0.6729,0.7357,0.5543
HKQWFU,0.1604,0.0365,0.6859,0.5189,0.2207
ZQG289,0.4652,0.7591,0.0082,0.4547,0.8774
2VQO2S,0.6619,0.0281,0.6523,0.07,0.8512
NID105,0.6742,0.7173,0.9424,0.9754,0.902
G7FZLF,0.6721,0.6281,0.6727,0.4644,0.0758
D55TUM,0.7321,0.0996,0.4691,0.3239,0.5876
3IYMD6,0.2801,0.2915,0.8585,0.3292,0.9218
685O6E,0.4335,0.4946,0.974,0.083,0.5448
CUAHW0,0.2436,0.6533,0.853,0.61,0.4846
USPQQ5,0.4954,0.4512,0.1979,0.5396,0.9013
SQE7NK,0.2102,0.3853,0.0684,0.419,0.6434
AJCTED,0.657,0.3337,0.3922,0.3177,0.8928
80W655,0.6301,0.4763,0.4022,0.5608,0.5792
07GJQV,0.5944,0.8903,0.9156,0.2716,0.9486
UKK36V,0.3832,0.7556,0.5809,0.9544,0.7544
7GCVH1,0.3995,0.3834,0.6369,0.8926,0.3055
DE5HUE,0.136,0.1331,0.4731,0.938,0.0483
PBLHT8,0.7272,0.078,0.1982,0.8192,0.8086
AWSRHF,0.7688,0.6504,0.7067,0.5448,0.4083
APQLOX,0.1777,0.5455,0.9473,0.492,0.3183
AACMTH,0.5349,0.1095,0.0601,0.2808,0.948
2E8MPK,0.876,0.1111,0.5597,0.4809,0.1604
IJC47E,0.4887,0.55,0.8998,0.4874,0.0233
YSSHT0,0.515,0.77,0.4826,0.6269,0.2259
VMBKOC,0.9918,0.2495,0.0207,0.0583,0.9626
YR8X3A,0.3013,0.1471,0.1442,0.4001,0.9251
L1Z0JV,0.8963,0.4406,0.6678,0.6372,0.168
WA6YBT,0.5147,0.8368,0.9543,0.8097,0.7501
856WHB,0.5531,0.8929,0.3679,0.5622,0.1574
GJLAR6,0.5348,0.9748,0.7187,0.6579,0.8603
EU3XWI,0.7925,0.3573,0.9178,0.1842,0.9793
A1Z6L0,0.2159,0.1048,0.5003,0.1268,0.7611
BTPF8I,0.7709,0.8707,0.5581,0.9767,0.6675
7XIWKC,0.1,0.9858,0.9778,0.0713,0.8307
8O952O,0.4745,0.9516,0.879,0.7594,0.683
LO42FD,0.8466,0.2005,0.4583,0.6657,0.3827
XWFIWN,0.4615,0.1017,0.972,0.7018,0.148
SUSMI6,0.1861,0.8384,0.833,0.4379,0.9897
UMS7J1,0.1342,0.6192,0.3994,0.57,0.7153
HM1EB0,0.5452,0.5541,0.2995,0.4612,0.382
PTBHGS,0.9639,0.4541,0.5122,0.4657,0.1307
Y1G7RS,0.0098,0.6365,0.8331,0.5322,0.3234
TCPUTQ,0.2871,0.3801,0.3522,0.054,0.8879
DDEYVV,0.0432,0.6539,0.5971,0.0996,0.8267
1691J9,0.099,0.8179,0.2928,0.4786,0.1729
GAPBPI,0.0078,0.6302,0.3738,0.2545,0.1531
2ALJHH,0.139,0.5797,0.9939,0.4896,0.993
NEX4FI,0.433,0.6181,0.2781,0.8412,0.3857
OOV3Q0,0.0344,0.7952,0.5905,0.7995,0.7174
K1J13X,0.2432,0.0881,0.7545,0.5554,0.3521
6852MS,0.1909,0.0636,0.0409,0.3327,0.8954
9JJA92,0.2553,0.9283,0.6834,0.8795,0.4332
F0N8PO,0.1766,0.35,0.2611,0.8195,0.2836
2NUT6N,0.7581,0.018,0.9879,0.3295,0.6162
2RK50V,0.8358,0.7563,0.7429,0.2362,0.1598
V4ZXE0,0.0992,0.7424,0.0535,0.6751,0.2519
U5VVC2,0.7761,0.0867,0.7666,0.2372,0.0328
TZ1ZZ5,0.4463,0.5314,0.6441,0.446,0.5883
J2BDNE,0.6949,0.9443,0.1609,0.1404,0.8116
2ZAIEW,0.5226,0.899,0.5314,0.472,0.5634
77U0RA,0.7036,0.9639,0.2554,0.6888,0.2727
RHO7UR,0.6905,0.2568,0.2678,0.6954,0.7279
BCRP3L,0.0059,0.7088,0.729,0.3891,0.382
Q0C4Z8,0.4574,0.9944,0.2946,0.4212,0.7426
L8FXP9,0.7864,0.3531,0.1526,0.9733,0.4117
7397RI,0.9971,0.5573,0.6567,0.2311,0.5796
UGRS8P,0.5492,0.6257,0.5049,0.8728,0.5692
Q2M9Z8,0.3168,0.6004,0.9389,0.2756,0.3906
Z5H8DI,0.3095,0.6209,0.1121,0.1839,0.6748
NKJ4OT,0.7826,0.4117,0.9131,0.6408,0.2643
U9S1AH,0.7352,0.5927,0.246,0.9377,0.5075
YMJC67,0.1512,0.2924,0.4334,0.1688,0.8738
VJKDQ0,0.1108,0.562,0.8228,0.4981,0.1088
QRUK7N,0.5822,0.5743,0.6,0.558,0.9844
AMOVTR,0.9347,0.1407,0.873,0.1071,0.1984
G6GUNA,0.6944,0.9497,0.4832,0.7015,0.0908
LR5M1Y,0.0381,0.2078,0.1459,0.4191,0.9016
DJ2D8F,0.6741,0.0413,0.2012,0.7538,0.5958
7R3ICD,0.5838,0.1765,0.949,0.2196,0.2551
1IQ514,0.2945,0.8398,0.6376,0.6386,0.4895
SYWVJB,0.8831,0.5313,0.4882,0.2982,0.6138
T43ZAD,0.3386,0.0409,0.8222,0.2922,0.5726
9H8BAW,0.896,0.6388,0.6521,0.7836,0.3734
OHMLDW,0.2175,0.8334,0.0398,0.3337,0.7371
MMDFG6,0.5684,0.9437,0.1153,0.657,0.4785
99WJP5,0.3274,0.2697,0.4578,0.8542,0.5243
SAOP2W,0.5723,0.3736,0.4126,0.4375,0.2793
I0QB8P,0.404,0.9141,0.9078,0.7711,0.983
AAWE2W,0.8096,0.8879,0.8008,0.4039,0.4005
